{"mlp": {"confusion_matrix": [[4, 0, 0, 0, 0, 0, 1, 0, 0, 0], [0, 5, 0, 0, 0, 0, 0, 0, 0, 0], [0, 0, 2, 0, 1, 0, 2, 0, 0, 0], [1, 0, 0, 4, 0, 0, 0, 0, 0, 0], [0, 0, 0, 0, 5, 0, 0, 0, 0, 0], [0, 0, 0, 0, 0, 5, 0, 0, 0, 0], [0, 0, 0, 0, 0, 0, 5, 0, 0, 0], [0, 0, 1, 0, 2, 0, 0, 1, 1, 0], [0, 1, 0, 0, 0, 0, 0, 0, 4, 0], [0, 0, 0, 0, 0, 0, 0, 0, 0, 5]], "classification_report": {"MOURNING CLOAK": {"precision": 0.8, "recall": 0.8, "f1-score": 0.8, "support": 5.0}, "GREEN HAIRSTREAK": {"precision": 0.8333333333333334, "recall": 1.0, "f1-score": 0.9090909090909091, "support": 5.0}, "BROWN ARGUS": {"precision": 0.6666666666666666, "recall": 0.4, "f1-score": 0.5, "support": 5.0}, "BROOKES BIRDWING": {"precision": 1.0, "recall": 0.8, "f1-score": 0.8888888888888888, "support": 5.0}, "SLEEPY ORANGE": {"precision": 0.625, "recall": 1.0, "f1-score": 0.7692307692307693, "support": 5.0}, "CHALK HILL BLUE": {"precision": 1.0, "recall": 1.0, "f1-score": 1.0, "support": 5.0}, "ATALA": {"precision": 0.625, "recall": 1.0, "f1-score": 0.7692307692307693, "support": 5.0}, "HUMMING BIRD HAWK MOTH": {"precision": 1.0, "recall": 0.2, "f1-score": 0.3333333333333333, "support": 5.0}, "WHITE LINED SPHINX MOTH": {"precision": 0.8, "recall": 0.8, "f1-score": 0.8, "support": 5.0}, "ARCIGERA FLOWER MOTH": {"precision": 1.0, "recall": 1.0, "f1-score": 1.0, "support": 5.0}, "accuracy": 0.8, "macro avg": {"precision": 0.835, "recall": 0.8, "f1-score": 0.776977466977467, "support": 50.0}, "weighted avg": {"precision": 0.835, "recall": 0.8, "f1-score": 0.776977466977467, "support": 50.0}}}, "cnn": {"confusion_matrix": [[5, 0, 0, 0, 0, 0, 0, 0, 0, 0], [0, 5, 0, 0, 0, 0, 0, 0, 0, 0], [0, 0, 5, 0, 0, 0, 0, 0, 0, 0], [0, 0, 0, 5, 0, 0, 0, 0, 0, 0], [0, 0, 0, 0, 5, 0, 0, 0, 0, 0], [0, 0, 0, 0, 0, 5, 0, 0, 0, 0], [0, 0, 1, 0, 0, 0, 4, 0, 0, 0], [0, 0, 0, 0, 0, 0, 0, 3, 2, 0], [0, 0, 1, 0, 0, 0, 0, 0, 4, 0], [0, 0, 0, 0, 0, 0, 0, 0, 0, 5]], "classification_report": {"MOURNING CLOAK": {"precision": 1.0, "recall": 1.0, "f1-score": 1.0, "support": 5.0}, "GREEN HAIRSTREAK": {"precision": 1.0, "recall": 1.0, "f1-score": 1.0, "support": 5.0}, "BROWN ARGUS": {"precision": 0.7142857142857143, "recall": 1.0, "f1-score": 0.8333333333333334, "support": 5.0}, "BROOKES BIRDWING": {"precision": 1.0, "recall": 1.0, "f1-score": 1.0, "support": 5.0}, "SLEEPY ORANGE": {"precision": 1.0, "recall": 1.0, "f1-score": 1.0, "support": 5.0}, "CHALK HILL BLUE": {"precision": 1.0, "recall": 1.0, "f1-score": 1.0, "support": 5.0}, "ATALA": {"precision": 1.0, "recall": 0.8, "f1-score": 0.8888888888888888, "support": 5.0}, "HUMMING BIRD HAWK MOTH": {"precision": 1.0, "recall": 0.6, "f1-score": 0.75, "support": 5.0}, "WHITE LINED SPHINX MOTH": {"precision": 0.6666666666666666, "recall": 0.8, "f1-score": 0.7272727272727273, "support": 5.0}, "ARCIGERA FLOWER MOTH": {"precision": 1.0, "recall": 1.0, "f1-score": 1.0, "support": 5.0}, "accuracy": 0.92, "macro avg": {"precision": 0.9380952380952381, "recall": 0.9200000000000002, "f1-score": 0.919949494949495, "support": 50.0}, "weighted avg": {"precision": 0.9380952380952381, "recall": 0.92, "f1-score": 0.9199494949494951, "support": 50.0}}}, "efficientnet": {"confusion_matrix": [[5, 0, 0, 0, 0, 0, 0, 0, 0, 0], [0, 5, 0, 0, 0, 0, 0, 0, 0, 0], [0, 0, 5, 0, 0, 0, 0, 0, 0, 0], [0, 0, 0, 5, 0, 0, 0, 0, 0, 0], [0, 0, 0, 0, 4, 0, 0, 1, 0, 0], [0, 0, 0, 0, 0, 5, 0, 0, 0, 0], [0, 0, 0, 0, 0, 0, 5, 0, 0, 0], [0, 0, 0, 0, 0, 0, 0, 5, 0, 0], [0, 0, 0, 0, 0, 0, 0, 0, 5, 0], [0, 0, 0, 0, 0, 0, 0, 0, 0, 5]], "classification_report": {"MOURNING CLOAK": {"precision": 1.0, "recall": 1.0, "f1-score": 1.0, "support": 5.0}, "GREEN HAIRSTREAK": {"precision": 1.0, "recall": 1.0, "f1-score": 1.0, "support": 5.0}, "BROWN ARGUS": {"precision": 1.0, "recall": 1.0, "f1-score": 1.0, "support": 5.0}, "BROOKES BIRDWING": {"precision": 1.0, "recall": 1.0, "f1-score": 1.0, "support": 5.0}, "SLEEPY ORANGE": {"precision": 1.0, "recall": 0.8, "f1-score": 0.8888888888888888, "support": 5.0}, "CHALK HILL BLUE": {"precision": 1.0, "recall": 1.0, "f1-score": 1.0, "support": 5.0}, "ATALA": {"precision": 1.0, "recall": 1.0, "f1-score": 1.0, "support": 5.0}, "HUMMING BIRD HAWK MOTH": {"precision": 0.8333333333333334, "recall": 1.0, "f1-score": 0.9090909090909091, "support": 5.0}, "WHITE LINED SPHINX MOTH": {"precision": 1.0, "recall": 1.0, "f1-score": 1.0, "support": 5.0}, "ARCIGERA FLOWER MOTH": {"precision": 1.0, "recall": 1.0, "f1-score": 1.0, "support": 5.0}, "accuracy": 0.98, "macro avg": {"precision": 0.9833333333333334, "recall": 0.9800000000000001, "f1-score": 0.9797979797979798, "support": 50.0}, "weighted avg": {"precision": 0.9833333333333334, "recall": 0.98, "f1-score": 0.9797979797979798, "support": 50.0}}}, "resnet18": {"confusion_matrix": [[5, 0, 0, 0, 0, 0, 0, 0, 0, 0], [0, 5, 0, 0, 0, 0, 0, 0, 0, 0], [0, 0, 5, 0, 0, 0, 0, 0, 0, 0], [0, 0, 0, 5, 0, 0, 0, 0, 0, 0], [0, 0, 0, 0, 5, 0, 0, 0, 0, 0], [0, 0, 0, 0, 0, 5, 0, 0, 0, 0], [0, 0, 0, 0, 0, 0, 5, 0, 0, 0], [0, 0, 0, 0, 0, 0, 0, 5, 0, 0], [0, 0, 0, 0, 0, 0, 0, 0, 5, 0], [0, 0, 0, 0, 0, 0, 0, 0, 0, 5]], "classification_report": {"MOURNING CLOAK": {"precision": 1.0, "recall": 1.0, "f1-score": 1.0, "support": 5.0}, "GREEN HAIRSTREAK": {"precision": 1.0, "recall": 1.0, "f1-score": 1.0, "support": 5.0}, "BROWN ARGUS": {"precision": 1.0, "recall": 1.0, "f1-score": 1.0, "support": 5.0}, "BROOKES BIRDWING": {"precision": 1.0, "recall": 1.0, "f1-score": 1.0, "support": 5.0}, "SLEEPY ORANGE": {"precision": 1.0, "recall": 1.0, "f1-score": 1.0, "support": 5.0}, "CHALK HILL BLUE": {"precision": 1.0, "recall": 1.0, "f1-score": 1.0, "support": 5.0}, "ATALA": {"precision": 1.0, "recall": 1.0, "f1-score": 1.0, "support": 5.0}, "HUMMING BIRD HAWK MOTH": {"precision": 1.0, "recall": 1.0, "f1-score": 1.0, "support": 5.0}, "WHITE LINED SPHINX MOTH": {"precision": 1.0, "recall": 1.0, "f1-score": 1.0, "support": 5.0}, "ARCIGERA FLOWER MOTH": {"precision": 1.0, "recall": 1.0, "f1-score": 1.0, "support": 5.0}, "accuracy": 1.0, "macro avg": {"precision": 1.0, "recall": 1.0, "f1-score": 1.0, "support": 50.0}, "weighted avg": {"precision": 1.0, "recall": 1.0, "f1-score": 1.0, "support": 50.0}}}}